"id","firebase_uid","name","email","password","phone","dob","location","address","country","state","city","landmark","pincode","avatar","is_verified","verification_token","password_reset_token","password_reset_expires","preferences","permissions","internal_role","internal_permissions","territory_id","manager_id","commission_rate","is_active","last_login_at","created_at","updated_at","role","staff_role","internalRole","internalPermissions","territoryId","managerId","commissionRate","isActive","lastLoginAt"
"09e0f0c8-e74c-42ba-a53d-6983d4cd8ac8",NULL,"Sunita Reddy","sunita.reddy@example.com","$2a$12$zM8D7LS/zuBEv2PsOtNHvOukguA623kqOpn3zem1M3j9gTwD1GLvK","+919876501237",NULL,NULL,NULL,"India","Telangana","Hyderabad",NULL,NULL,NULL,True,NULL,NULL,NULL,"{""language"": ""en"", ""notifications"": {""sms"": false, ""email"": true}}","{""canCheckIn"": false, ""canCheckOut"": false, ""canManageRooms"": false, ""canManageStaff"": false, ""canViewReports"": false, ""canRecordPayments"": false, ""canUpdateRoomStatus"": false, ""canManageMaintenance"": false}",NULL,"{""canManageAgents"": false, ""canManageTickets"": false, ""canViewAuditLogs"": false, ""canManageCommissions"": false, ""canManageTerritories"": false, ""canOnboardProperties"": false, ""canApproveOnboardings"": false, ""canAccessAllProperties"": false, ""canManageSystemSettings"": false, ""canBroadcastAnnouncements"": false}",NULL,NULL,NULL,True,NULL,"2025-11-21 19:55:52.734+05:30","2025-11-21 19:55:52.734+05:30","owner",NULL,NULL,NULL,NULL,NULL,NULL,True,NULL
"28b7f380-366e-4c1b-819e-94b038fdc2b4",NULL,"Sophie Anderson","sophie.anderson@goroomz.com","$2a$12$xAV0eIjQoP22lW.Pd1n5MetitTXRYuhi6W/4zqTG83FkR1/WHGQpm","+919876543220",NULL,NULL,NULL,NULL,NULL,NULL,NULL,NULL,NULL,False,NULL,NULL,NULL,"{""language"": ""en"", ""notifications"": {""sms"": false, ""email"": true}}","{""canCheckIn"": false, ""canCheckOut"": false, ""canManageRooms"": false, ""canManageStaff"": false, ""canViewReports"": false, ""canRecordPayments"": false, ""canUpdateRoomStatus"": false, ""canManageMaintenance"": false}","platform_admin","{""canManageAgents"": true, ""canManageTickets"": true, ""canViewAuditLogs"": true, ""canManageCommissions"": true, ""canManageTerritories"": true, ""canOnboardProperties"": true, ""canApproveOnboardings"": true, ""canAccessAllProperties"": true, ""canManageSystemSettings"": true, ""canBroadcastAnnouncements"": true}",NULL,NULL,NULL,True,"2025-11-21 19:52:31.228+05:30","2025-11-21 19:53:23.378+05:30","2025-11-21 19:53:23.378+05:30","user",NULL,NULL,NULL,NULL,NULL,NULL,True,NULL
"29517897-bcaf-4083-9ed3-15326427f898",NULL,"sekhar","sekhar.iw@gmail.com","$2a$12$HHnYG6kB1l0QRMSf4VWW8en/EjaQhbNkdkLaWbBaXenB0L2GbkmBq",NULL,NULL,NULL,NULL,NULL,NULL,NULL,NULL,NULL,NULL,False,NULL,NULL,NULL,"{""language"": ""en"", ""notifications"": {""sms"": false, ""email"": true}}","{""canCheckIn"": true, ""canCheckOut"": true, ""canManageRooms"": true, ""canManageStaff"": true, ""canViewReports"": true, ""canRecordPayments"": true, ""canUpdateRoomStatus"": true, ""canManageMaintenance"": true}","superuser","{""canManageRoles"": true, ""canManageAPIKeys"": true, ""canManageTickets"": true, ""canViewAnalytics"": true, ""canViewAuditLogs"": true, ""canConfigurePlatform"": true, ""canManageCommissions"": true, ""canManageTerritories"": true, ""canAccessAllProperties"": true, ""canManageInternalUsers"": true, ""canManageSubscriptions"": true, ""canBroadcastAnnouncements"": true}",NULL,NULL,NULL,True,"2025-11-21 19:56:53.781+05:30","2025-11-20 19:34:55.682+05:30","2025-11-21 19:56:53.781+05:30","admin","manager",NULL,NULL,NULL,NULL,NULL,True,NULL
"2c2ff9aa-b3ef-4df7-ba68-514950a72656",NULL,"Rajesh Kumar","rajesh.kumar@goroomz.com","$2a$12$qbuYNWmXDs/j217dR/P.R.ogKBLQA8APexCpd/eP3vJqrtFbLgn96","+919876543217",NULL,NULL,NULL,NULL,NULL,NULL,NULL,NULL,NULL,False,NULL,NULL,NULL,"{""language"": ""en"", ""notifications"": {""sms"": false, ""email"": true}}","{""canCheckIn"": false, ""canCheckOut"": false, ""canManageRooms"": false, ""canManageStaff"": false, ""canViewReports"": false, ""canRecordPayments"": false, ""canUpdateRoomStatus"": false, ""canManageMaintenance"": false}","agent","{""canManageAgents"": false, ""canManageTickets"": false, ""canViewAuditLogs"": false, ""canManageCommissions"": false, ""canManageTerritories"": false, ""canOnboardProperties"": true, ""canApproveOnboardings"": false, ""canAccessAllProperties"": false, ""canManageSystemSettings"": false, ""canBroadcastAnnouncements"": false}",NULL,NULL,"6.00",True,"2025-11-16 19:53:16.228+05:30","2025-11-21 19:53:21.575+05:30","2025-11-21 19:53:21.575+05:30","user",NULL,NULL,NULL,NULL,NULL,NULL,True,NULL
"30ea3f8f-e11f-4641-aa5e-587d8091bae2",NULL,"David Martinez","david.martinez@goroomz.com","$2a$12$HedpprnjwmSzIkqVoXW3RuKkWqCN8BjXPFyYyknd4eTTrNbE6Cm/6","+919876543213",NULL,NULL,NULL,NULL,NULL,NULL,NULL,NULL,NULL,False,NULL,NULL,NULL,"{""language"": ""en"", ""notifications"": {""sms"": false, ""email"": true}}","{""canCheckIn"": false, ""canCheckOut"": false, ""canManageRooms"": false, ""canManageStaff"": false, ""canViewReports"": false, ""canRecordPayments"": false, ""canUpdateRoomStatus"": false, ""canManageMaintenance"": false}","operations_manager","{""canManageAgents"": false, ""canManageTickets"": true, ""canViewAuditLogs"": false, ""canManageCommissions"": false, ""canManageTerritories"": false, ""canOnboardProperties"": false, ""canApproveOnboardings"": false, ""canAccessAllProperties"": true, ""canManageSystemSettings"": false, ""canBroadcastAnnouncements"": true}",NULL,NULL,NULL,True,"2025-11-21 19:52:16.228+05:30","2025-11-21 19:53:19.162+05:30","2025-11-21 19:53:19.162+05:30","user",NULL,NULL,NULL,NULL,NULL,NULL,True,NULL
"4626af8a-52bf-460f-b9e6-32f4a4a179d3",NULL,"Amit Patel","amit.patel@example.com","$2a$12$gu3l2Ci2OynlhqrfU25GeO9K2eFo17a8Q7F4NrIjR5P6f2Ij96TAG","+919876501236",NULL,NULL,NULL,"India","Maharashtra","Pune",NULL,NULL,NULL,True,NULL,NULL,NULL,"{""language"": ""en"", ""notifications"": {""sms"": false, ""email"": true}}","{""canCheckIn"": false, ""canCheckOut"": false, ""canManageRooms"": false, ""canManageStaff"": false, ""canViewReports"": false, ""canRecordPayments"": false, ""canUpdateRoomStatus"": false, ""canManageMaintenance"": false}",NULL,"{""canManageAgents"": false, ""canManageTickets"": false, ""canViewAuditLogs"": false, ""canManageCommissions"": false, ""canManageTerritories"": false, ""canOnboardProperties"": false, ""canApproveOnboardings"": false, ""canAccessAllProperties"": false, ""canManageSystemSettings"": false, ""canBroadcastAnnouncements"": false}",NULL,NULL,NULL,True,NULL,"2025-11-21 19:55:52.395+05:30","2025-11-21 19:55:52.395+05:30","owner",NULL,NULL,NULL,NULL,NULL,NULL,True,NULL
"5f23b1c7-5a7e-4a33-809c-1196b7da4a20",NULL,"Priya Sharma","priya.sharma@goroomz.com","$2a$12$CcXKQxef8LDSbibN3q9EDu0ifYqZwi.KBu9aQuwxR54U0YheThkue","+919876543212",NULL,NULL,NULL,NULL,NULL,NULL,NULL,NULL,NULL,False,NULL,NULL,NULL,"{""language"": ""en"", ""notifications"": {""sms"": false, ""email"": true}}","{""canCheckIn"": false, ""canCheckOut"": false, ""canManageRooms"": false, ""canManageStaff"": false, ""canViewReports"": false, ""canRecordPayments"": false, ""canUpdateRoomStatus"": false, ""canManageMaintenance"": false}","regional_manager","{""canManageAgents"": true, ""canManageTickets"": false, ""canViewAuditLogs"": false, ""canManageCommissions"": true, ""canManageTerritories"": true, ""canOnboardProperties"": false, ""canApproveOnboardings"": true, ""canAccessAllProperties"": false, ""canManageSystemSettings"": false, ""canBroadcastAnnouncements"": false}",NULL,NULL,NULL,True,"2025-11-21 19:38:16.228+05:30","2025-11-21 19:53:18.188+05:30","2025-11-21 19:53:18.188+05:30","user",NULL,NULL,NULL,NULL,NULL,NULL,True,NULL
"6a9de756-108e-4729-8a88-5dd884f3a134",NULL,"Priya Sharma","priya.sharma.owner@example.com","$2a$12$REhZz4mbQIV7PKhvjQB1COpWba2IaXHwdCu/wyCDohn5VKAkU/1dK","+919876501235",NULL,NULL,NULL,"India","Karnataka","Bangalore",NULL,NULL,NULL,True,NULL,NULL,NULL,"{""language"": ""en"", ""notifications"": {""sms"": false, ""email"": true}}","{""canCheckIn"": false, ""canCheckOut"": false, ""canManageRooms"": false, ""canManageStaff"": false, ""canViewReports"": false, ""canRecordPayments"": false, ""canUpdateRoomStatus"": false, ""canManageMaintenance"": false}",NULL,"{""canManageAgents"": false, ""canManageTickets"": false, ""canViewAuditLogs"": false, ""canManageCommissions"": false, ""canManageTerritories"": false, ""canOnboardProperties"": false, ""canApproveOnboardings"": false, ""canAccessAllProperties"": false, ""canManageSystemSettings"": false, ""canBroadcastAnnouncements"": false}",NULL,NULL,NULL,True,NULL,"2025-11-21 19:55:52.07+05:30","2025-11-21 19:55:52.07+05:30","owner",NULL,NULL,NULL,NULL,NULL,NULL,True,NULL
"6db1b4e7-d70f-4bc3-899d-ca7f8992ef49",NULL,"Ramesh Gupta","ramesh.gupta@example.com","$2a$12$B6g0afCT9vLLi.4yelhww.o/SdrVRcAUAYw4lNyy8kbqWZWzhCUZm","+919876501234",NULL,NULL,NULL,"India","Maharashtra","Mumbai",NULL,NULL,NULL,True,NULL,NULL,NULL,"{""language"": ""en"", ""notifications"": {""sms"": false, ""email"": true}}","{""canCheckIn"": false, ""canCheckOut"": false, ""canManageRooms"": false, ""canManageStaff"": false, ""canViewReports"": false, ""canRecordPayments"": false, ""canUpdateRoomStatus"": false, ""canManageMaintenance"": false}",NULL,"{""canManageAgents"": false, ""canManageTickets"": false, ""canViewAuditLogs"": false, ""canManageCommissions"": false, ""canManageTerritories"": false, ""canOnboardProperties"": false, ""canApproveOnboardings"": false, ""canAccessAllProperties"": false, ""canManageSystemSettings"": false, ""canBroadcastAnnouncements"": false}",NULL,NULL,NULL,True,NULL,"2025-11-21 19:55:51.186+05:30","2025-11-21 19:55:51.186+05:30","owner",NULL,NULL,NULL,NULL,NULL,NULL,True,NULL
"77d6a0ec-7a26-4f6a-861e-7033636012ff",NULL,"Emily Rodriguez","emily.rodriguez@goroomz.com","$2a$12$rMrrdj6o5gKZb4Lr6./OYeqjUB74NgJNLUfV143ZOz8dzagEF9cfC","+919876543216",NULL,NULL,NULL,NULL,NULL,NULL,NULL,NULL,NULL,False,NULL,NULL,NULL,"{""language"": ""en"", ""notifications"": {""sms"": false, ""email"": true}}","{""canCheckIn"": false, ""canCheckOut"": false, ""canManageRooms"": false, ""canManageStaff"": false, ""canViewReports"": false, ""canRecordPayments"": false, ""canUpdateRoomStatus"": false, ""canManageMaintenance"": false}","regional_manager","{""canManageAgents"": true, ""canManageTickets"": false, ""canViewAuditLogs"": false, ""canManageCommissions"": true, ""canManageTerritories"": true, ""canOnboardProperties"": false, ""canApproveOnboardings"": true, ""canAccessAllProperties"": false, ""canManageSystemSettings"": false, ""canBroadcastAnnouncements"": false}",NULL,NULL,NULL,True,"2025-11-21 19:23:16.228+05:30","2025-11-21 19:53:20.918+05:30","2025-11-21 19:53:20.918+05:30","user",NULL,NULL,NULL,NULL,NULL,NULL,True,NULL
"812f750f-120f-4a79-8368-3464729a4cda",NULL,"Regular User","user@goroomz.com","$2a$12$/U/DViPWK5RczY1q./qnK.02lt6QiTW3Ptt3KsY/AgFxyUQLIvhuu","9876543211",NULL,NULL,NULL,NULL,NULL,NULL,NULL,NULL,NULL,True,NULL,NULL,NULL,"{""language"": ""en"", ""notifications"": {""sms"": false, ""email"": true}}","{""canCheckIn"": false, ""canCheckOut"": false, ""canManageRooms"": false, ""canManageStaff"": false, ""canViewReports"": false, ""canRecordPayments"": false, ""canUpdateRoomStatus"": false, ""canManageMaintenance"": false}",NULL,"{""canManageAgents"": false, ""canManageTickets"": false, ""canViewAuditLogs"": false, ""canManageCommissions"": false, ""canManageTerritories"": false, ""canOnboardProperties"": false, ""canApproveOnboardings"": false, ""canAccessAllProperties"": false, ""canManageSystemSettings"": false, ""canBroadcastAnnouncements"": false}",NULL,NULL,NULL,True,NULL,"2025-11-20 17:03:21.436+05:30","2025-11-20 17:03:21.436+05:30","user",NULL,NULL,NULL,NULL,NULL,NULL,True,NULL
"82d122fa-9276-41ad-9355-d094da0ae701",NULL,"Property Owner","owner@goroomz.com","$2a$12$/eewz4aNs25eDHbAy4M9zerdeH6lWJppV60eozD3yqo7D9rFIbP6O","9876543210",NULL,NULL,NULL,NULL,NULL,NULL,NULL,NULL,NULL,True,NULL,NULL,NULL,"{""language"": ""en"", ""notifications"": {""sms"": false, ""email"": true}}","{""canCheckIn"": false, ""canCheckOut"": false, ""canManageRooms"": false, ""canManageStaff"": false, ""canViewReports"": false, ""canRecordPayments"": false, ""canUpdateRoomStatus"": false, ""canManageMaintenance"": false}",NULL,"{""canManageAgents"": false, ""canManageTickets"": false, ""canViewAuditLogs"": false, ""canManageCommissions"": false, ""canManageTerritories"": false, ""canOnboardProperties"": false, ""canApproveOnboardings"": false, ""canAccessAllProperties"": false, ""canManageSystemSettings"": false, ""canBroadcastAnnouncements"": false}",NULL,NULL,NULL,True,NULL,"2025-11-20 17:03:21.094+05:30","2025-11-20 17:03:21.094+05:30","owner",NULL,NULL,NULL,NULL,NULL,NULL,True,NULL
"8cf9f4fd-747e-43d6-993b-e40c708fc4fa",NULL,"Lisa Thompson","lisa.thompson@goroomz.com","$2a$12$vrbGYhVQgNrigRjJZWmQ.uzlrK3DqCjfznYDEw.6GMqCw2OdkVNVS","+919876543218",NULL,NULL,NULL,NULL,NULL,NULL,NULL,NULL,NULL,False,NULL,NULL,NULL,"{""language"": ""en"", ""notifications"": {""sms"": false, ""email"": true}}","{""canCheckIn"": false, ""canCheckOut"": false, ""canManageRooms"": false, ""canManageStaff"": false, ""canViewReports"": false, ""canRecordPayments"": false, ""canUpdateRoomStatus"": false, ""canManageMaintenance"": false}","operations_manager","{""canManageAgents"": false, ""canManageTickets"": true, ""canViewAuditLogs"": false, ""canManageCommissions"": false, ""canManageTerritories"": false, ""canOnboardProperties"": false, ""canApproveOnboardings"": false, ""canAccessAllProperties"": true, ""canManageSystemSettings"": false, ""canBroadcastAnnouncements"": true}",NULL,NULL,NULL,True,"2025-11-21 19:43:16.228+05:30","2025-11-21 19:53:22.212+05:30","2025-11-21 19:53:22.212+05:30","user",NULL,NULL,NULL,NULL,NULL,NULL,True,NULL
"929866f9-611e-471b-ae9f-1c9064932039",NULL,"Aisha Patel","aisha.patel@goroomz.com","$2a$12$7GZ4XZsH7YNYAFEEEYgtJut0AjqxBzMKhVr7nFYRhjdNcCT9cuS6C","+919876543214",NULL,NULL,NULL,NULL,NULL,NULL,NULL,NULL,NULL,False,NULL,NULL,NULL,"{""language"": ""en"", ""notifications"": {""sms"": false, ""email"": true}}","{""canCheckIn"": false, ""canCheckOut"": false, ""canManageRooms"": false, ""canManageStaff"": false, ""canViewReports"": false, ""canRecordPayments"": false, ""canUpdateRoomStatus"": false, ""canManageMaintenance"": false}","agent","{""canManageAgents"": false, ""canManageTickets"": false, ""canViewAuditLogs"": false, ""canManageCommissions"": false, ""canManageTerritories"": false, ""canOnboardProperties"": true, ""canApproveOnboardings"": false, ""canAccessAllProperties"": false, ""canManageSystemSettings"": false, ""canBroadcastAnnouncements"": false}",NULL,NULL,"5.00",True,"2025-11-21 19:50:16.228+05:30","2025-11-21 19:53:19.764+05:30","2025-11-21 19:53:19.764+05:30","user",NULL,NULL,NULL,NULL,NULL,NULL,True,NULL
"9355234c-c5fd-4434-8f3b-c8b106770d65",NULL,"Meera Iyer","meera.iyer@example.com","$2a$12$qmYWkLRmLff/riexAEf98u29UFzB/zy2LgYoDyhspjZX3Mzfsr14C","+919876501239",NULL,NULL,NULL,"India","Tamil Nadu","Chennai",NULL,NULL,NULL,True,NULL,NULL,NULL,"{""language"": ""en"", ""notifications"": {""sms"": false, ""email"": true}}","{""canCheckIn"": false, ""canCheckOut"": false, ""canManageRooms"": false, ""canManageStaff"": false, ""canViewReports"": false, ""canRecordPayments"": false, ""canUpdateRoomStatus"": false, ""canManageMaintenance"": false}",NULL,"{""canManageAgents"": false, ""canManageTickets"": false, ""canViewAuditLogs"": false, ""canManageCommissions"": false, ""canManageTerritories"": false, ""canOnboardProperties"": false, ""canApproveOnboardings"": false, ""canAccessAllProperties"": false, ""canManageSystemSettings"": false, ""canBroadcastAnnouncements"": false}",NULL,NULL,NULL,True,NULL,"2025-11-21 19:55:53.425+05:30","2025-11-21 19:55:53.425+05:30","owner",NULL,NULL,NULL,NULL,NULL,NULL,True,NULL
"af90cbc9-ff67-48b8-adb7-8d52e0165fb9",NULL,"Mohammed Ali","mohammed.ali@goroomz.com","$2a$12$AsJ.7kZdWey16eNWPvsXV.6bVZ42oUVfXhT.P1kwZiUX.yT1nhW9G","+919876543219",NULL,NULL,NULL,NULL,NULL,NULL,NULL,NULL,NULL,False,NULL,NULL,NULL,"{""language"": ""en"", ""notifications"": {""sms"": false, ""email"": true}}","{""canCheckIn"": false, ""canCheckOut"": false, ""canManageRooms"": false, ""canManageStaff"": false, ""canViewReports"": false, ""canRecordPayments"": false, ""canUpdateRoomStatus"": false, ""canManageMaintenance"": false}","agent","{""canManageAgents"": false, ""canManageTickets"": false, ""canViewAuditLogs"": false, ""canManageCommissions"": false, ""canManageTerritories"": false, ""canOnboardProperties"": true, ""canApproveOnboardings"": false, ""canAccessAllProperties"": false, ""canManageSystemSettings"": false, ""canBroadcastAnnouncements"": false}",NULL,NULL,"5.50",False,"2025-10-22 19:53:16.228+05:30","2025-11-21 19:53:22.765+05:30","2025-11-21 19:53:22.765+05:30","user",NULL,NULL,NULL,NULL,NULL,NULL,True,NULL
"baa06ff1-8f02-41f1-b310-8fcfa4b81248",NULL,"Admin User","admin@goroomz.com","$2a$12$UK6fNm85Ppnlq/9GcxGGKeTclFVXcSZrrwm0Ybg7PPYfUKo/Y2K/O",NULL,NULL,NULL,NULL,NULL,NULL,NULL,NULL,NULL,NULL,True,NULL,NULL,NULL,"{""language"": ""en"", ""notifications"": {""sms"": false, ""email"": true}}","{""canCheckIn"": false, ""canCheckOut"": false, ""canManageRooms"": false, ""canManageStaff"": false, ""canViewReports"": false, ""canRecordPayments"": false, ""canUpdateRoomStatus"": false, ""canManageMaintenance"": false}",NULL,"{""canManageAgents"": false, ""canManageTickets"": false, ""canViewAuditLogs"": false, ""canManageCommissions"": false, ""canManageTerritories"": false, ""canOnboardProperties"": false, ""canApproveOnboardings"": false, ""canAccessAllProperties"": false, ""canManageSystemSettings"": false, ""canBroadcastAnnouncements"": false}",NULL,NULL,NULL,True,NULL,"2025-11-20 17:03:20.633+05:30","2025-11-20 17:03:20.633+05:30","admin",NULL,NULL,NULL,NULL,NULL,NULL,True,NULL
"bb3454d8-e1c5-4e37-a640-8c87ca3f405a",NULL,"Sarah Johnson","sarah.johnson@goroomz.com","$2a$12$omru1gwhi9.3Oa8xZmDo3e0XoblcWNZ1QRB9lszTjrFoE4PsP6x1W","+919876543210",NULL,NULL,NULL,NULL,NULL,NULL,NULL,NULL,NULL,False,NULL,NULL,NULL,"{""language"": ""en"", ""notifications"": {""sms"": false, ""email"": true}}","{""canCheckIn"": false, ""canCheckOut"": false, ""canManageRooms"": false, ""canManageStaff"": false, ""canViewReports"": false, ""canRecordPayments"": false, ""canUpdateRoomStatus"": false, ""canManageMaintenance"": false}","superuser","{""canManageAgents"": true, ""canManageTickets"": true, ""canViewAuditLogs"": true, ""canManageCommissions"": true, ""canManageTerritories"": true, ""canOnboardProperties"": true, ""canApproveOnboardings"": true, ""canAccessAllProperties"": true, ""canManageSystemSettings"": true, ""canBroadcastAnnouncements"": true}",NULL,NULL,NULL,True,"2025-11-21 19:51:16.228+05:30","2025-11-21 19:53:16.943+05:30","2025-11-21 19:53:16.943+05:30","user",NULL,NULL,NULL,NULL,NULL,NULL,True,NULL
"c20a535b-3436-4dcb-a9be-829c11eac680",NULL,"Vikram Singh","vikram.singh@goroomz.com","$2a$12$OevuhiLeETv7WIfKEg2scOvLuf6yISbbkBZhqpTCJl0bhIOYFOi7S","+919876543221",NULL,NULL,NULL,NULL,NULL,NULL,NULL,NULL,NULL,False,NULL,NULL,NULL,"{""language"": ""en"", ""notifications"": {""sms"": false, ""email"": true}}","{""canCheckIn"": false, ""canCheckOut"": false, ""canManageRooms"": false, ""canManageStaff"": false, ""canViewReports"": false, ""canRecordPayments"": false, ""canUpdateRoomStatus"": false, ""canManageMaintenance"": false}","agent","{""canManageAgents"": false, ""canManageTickets"": false, ""canViewAuditLogs"": false, ""canManageCommissions"": false, ""canManageTerritories"": false, ""canOnboardProperties"": true, ""canApproveOnboardings"": false, ""canAccessAllProperties"": false, ""canManageSystemSettings"": false, ""canBroadcastAnnouncements"": false}",NULL,NULL,"4.00",True,NULL,"2025-11-21 19:53:23.907+05:30","2025-11-21 19:53:23.907+05:30","user",NULL,NULL,NULL,NULL,NULL,NULL,True,NULL
"f9edf29f-6fc2-4c13-8fd8-053797ea6b2a",NULL,"Michael Chen","michael.chen@goroomz.com","$2a$12$A4NMCeqjni/rwYfhOmEX7uQwJU6PbzZN8az3ld0EBDdrWsH8ikoMu","+919876543211",NULL,NULL,NULL,NULL,NULL,NULL,NULL,NULL,NULL,False,NULL,NULL,NULL,"{""language"": ""en"", ""notifications"": {""sms"": false, ""email"": true}}","{""canCheckIn"": false, ""canCheckOut"": false, ""canManageRooms"": false, ""canManageStaff"": false, ""canViewReports"": false, ""canRecordPayments"": false, ""canUpdateRoomStatus"": false, ""canManageMaintenance"": false}","platform_admin","{""canManageAgents"": true, ""canManageTickets"": true, ""canViewAuditLogs"": true, ""canManageCommissions"": true, ""canManageTerritories"": true, ""canOnboardProperties"": true, ""canApproveOnboardings"": true, ""canAccessAllProperties"": true, ""canManageSystemSettings"": true, ""canBroadcastAnnouncements"": true}",NULL,NULL,NULL,True,"2025-11-21 19:49:16.228+05:30","2025-11-21 19:53:17.651+05:30","2025-11-21 19:53:17.651+05:30","user",NULL,NULL,NULL,NULL,NULL,NULL,True,NULL
"fe637dc6-fe87-4a75-8c60-b796b2b68ca2",NULL,"James Wilson","james.wilson@goroomz.com","$2a$12$HtZD662nkT.81oXMl0VAIui8S/HfKpyqqIYPh3ZZinTgXDOPl47qS","+919876543215",NULL,NULL,NULL,NULL,NULL,NULL,NULL,NULL,NULL,False,NULL,NULL,NULL,"{""language"": ""en"", ""notifications"": {""sms"": false, ""email"": true}}","{""canCheckIn"": false, ""canCheckOut"": false, ""canManageRooms"": false, ""canManageStaff"": false, ""canViewReports"": false, ""canRecordPayments"": false, ""canUpdateRoomStatus"": false, ""canManageMaintenance"": false}","agent","{""canManageAgents"": false, ""canManageTickets"": false, ""canViewAuditLogs"": false, ""canManageCommissions"": false, ""canManageTerritories"": false, ""canOnboardProperties"": true, ""canApproveOnboardings"": false, ""canAccessAllProperties"": false, ""canManageSystemSettings"": false, ""canBroadcastAnnouncements"": false}",NULL,NULL,"4.50",True,"2025-11-21 17:53:16.228+05:30","2025-11-21 19:53:20.294+05:30","2025-11-21 19:53:20.294+05:30","user",NULL,NULL,NULL,NULL,NULL,NULL,True,NULL
"ffb8092b-377e-43a5-afd4-fb57c990087f",NULL,"Vikram Singh","vikram.singh.owner@example.com","$2a$12$m9Rk3avQDG6OhjkvXmz4d.yO1RTALFJ3iuGifOuAf2/DBntIiAFG2","+919876501238",NULL,NULL,NULL,"India","Delhi","Delhi",NULL,NULL,NULL,True,NULL,NULL,NULL,"{""language"": ""en"", ""notifications"": {""sms"": false, ""email"": true}}","{""canCheckIn"": false, ""canCheckOut"": false, ""canManageRooms"": false, ""canManageStaff"": false, ""canViewReports"": false, ""canRecordPayments"": false, ""canUpdateRoomStatus"": false, ""canManageMaintenance"": false}",NULL,"{""canManageAgents"": false, ""canManageTickets"": false, ""canViewAuditLogs"": false, ""canManageCommissions"": false, ""canManageTerritories"": false, ""canOnboardProperties"": false, ""canApproveOnboardings"": false, ""canAccessAllProperties"": false, ""canManageSystemSettings"": false, ""canBroadcastAnnouncements"": false}",NULL,NULL,NULL,True,NULL,"2025-11-21 19:55:53.08+05:30","2025-11-21 19:55:53.08+05:30","owner",NULL,NULL,NULL,NULL,NULL,NULL,True,NULL
